Title,Author,Rating,Score,Votes
"The Hunger Games (The Hunger Games, #1)",Suzanne Collins," 4.34 avg rating — 8,725,352 ratings","score: 3,798,587","38,646 people voted"
"Harry Potter and the Order of the Phoenix (Harry Potter, #5)",J.K. Rowling," 4.50 avg rating — 3,404,282 ratings","score: 3,101,987","31,689 people voted"
Pride and Prejudice,Jane Austen," 4.29 avg rating — 4,293,472 ratings","score: 2,700,301","27,698 people voted"
To Kill a Mockingbird,Harper Lee," 4.26 avg rating — 6,164,193 ratings","score: 2,428,473","24,799 people voted"
The Book Thief,Markus Zusak," 4.39 avg rating — 2,575,654 ratings","score: 1,806,162","18,569 people voted"
"Twilight (The Twilight Saga, #1)",Stephenie Meyer," 3.65 avg rating — 6,615,707 ratings","score: 1,674,915","17,071 people voted"
Animal Farm,George Orwell," 3.99 avg rating — 3,913,750 ratings","score: 1,554,883","16,111 people voted"
J.R.R. Tolkien 4-Book Boxed Set: The Hobbit and The Lord of the Rings,J.R.R. Tolkien," 4.61 avg rating — 134,137 ratings","score: 1,488,534","15,441 people voted"
"The Chronicles of Narnia (The Chronicles of Narnia, #1-7)",C.S. Lewis," 4.27 avg rating — 654,164 ratings","score: 1,435,928","14,969 people voted"
The Fault in Our Stars,John Green," 4.14 avg rating — 5,170,434 ratings","score: 1,327,910","13,749 people voted"
The Picture of Dorian Gray,Oscar Wilde," 4.12 avg rating — 1,549,457 ratings","score: 1,219,857","12,751 people voted"
The Giving Tree,Shel Silverstein," 4.38 avg rating — 1,132,739 ratings","score: 1,171,063","12,127 people voted"
Gone with the Wind,Margaret Mitchell," 4.31 avg rating — 1,210,507 ratings","score: 1,162,680","11,986 people voted"
Wuthering Heights,Emily Brontë," 3.89 avg rating — 1,817,079 ratings","score: 1,162,189","12,134 people voted"
The Perks of Being a Wallflower,Stephen Chbosky," 4.23 avg rating — 1,805,061 ratings","score: 1,078,929","11,245 people voted"
"The Lightning Thief (Percy Jackson and the Olympians, #1)",Rick Riordan," 4.31 avg rating — 3,038,527 ratings","score: 1,051,372","11,028 people voted"
Jane Eyre,Charlotte Brontë," 4.15 avg rating — 2,103,501 ratings","score: 1,050,993","11,051 people voted"
The Little Prince,Antoine de Saint-Exupéry," 4.32 avg rating — 2,126,242 ratings","score: 1,015,329","10,731 people voted"
The Great Gatsby,F. Scott Fitzgerald," 3.93 avg rating — 5,276,725 ratings","score: 1,014,842","10,819 people voted"
"The Da Vinci Code (Robert Langdon, #2)",Dan       Brown," 3.92 avg rating — 2,361,502 ratings","score: 982,365","10,324 people voted"
Alice’s Adventures in Wonderland / Through the Looking-Glass,Lewis Carroll," 4.06 avg rating — 566,298 ratings","score: 954,714","10,066 people voted"
Crime and Punishment,Fyodor Dostoevsky," 4.27 avg rating — 911,578 ratings","score: 951,835","9,916 people voted"
"Divergent (Divergent, #1)",Veronica Roth," 4.14 avg rating — 3,997,733 ratings","score: 941,523","9,875 people voted"
Memoirs of a Geisha,Arthur Golden," 4.15 avg rating — 2,007,342 ratings","score: 936,926","9,761 people voted"
Les Misérables,Victor Hugo," 4.20 avg rating — 800,448 ratings","score: 920,262","9,663 people voted"
The Alchemist,Paulo Coelho," 3.91 avg rating — 3,081,824 ratings","score: 906,893","9,476 people voted"
Lord of the Flies,William Golding," 3.69 avg rating — 2,919,014 ratings","score: 890,082","9,452 people voted"
Romeo and Juliet,William Shakespeare," 3.74 avg rating — 2,618,775 ratings","score: 873,017","9,350 people voted"
"Anne of Green Gables (Anne of Green Gables, #1)",L.M. Montgomery," 4.31 avg rating — 985,768 ratings","score: 872,841","9,186 people voted"
"City of Bones (The Mortal Instruments, #1)",Cassandra Clare," 4.07 avg rating — 2,007,509 ratings","score: 831,120","8,731 people voted"
"The Hitchhiker’s Guide to the Galaxy (Hitchhiker's Guide to the Galaxy, #1)",Douglas Adams," 4.23 avg rating — 1,850,625 ratings","score: 824,279","8,546 people voted"
The Help,Kathryn Stockett," 4.47 avg rating — 2,778,708 ratings","score: 811,167","8,659 people voted"
Dracula,Bram Stoker," 4.01 avg rating — 1,282,710 ratings","score: 795,453","8,542 people voted"
"Ender’s Game (Ender's Saga, #1)",Orson Scott Card," 4.31 avg rating — 1,380,146 ratings","score: 782,290","8,158 people voted"
Charlotte’s Web,E.B. White," 4.20 avg rating — 1,847,468 ratings","score: 781,126","8,416 people voted"
Of Mice and Men,John Steinbeck," 3.88 avg rating — 2,561,448 ratings","score: 767,669","8,267 people voted"
Fahrenheit 451,Ray Bradbury," 3.97 avg rating — 2,435,565 ratings","score: 743,852","7,890 people voted"
The Catcher in the Rye,J.D. Salinger," 3.80 avg rating — 3,542,592 ratings","score: 736,679","7,922 people voted"
Brave New World,Aldous Huxley," 3.99 avg rating — 1,866,322 ratings","score: 721,137","7,731 people voted"
One Hundred Years of Solitude,Gabriel García Márquez," 4.11 avg rating — 977,322 ratings","score: 719,918","7,565 people voted"
A Thousand Splendid Suns,Khaled Hosseini," 4.43 avg rating — 1,539,606 ratings","score: 706,978","7,474 people voted"
The Time Traveler’s Wife,Audrey Niffenegger," 3.99 avg rating — 1,789,879 ratings","score: 694,072","7,267 people voted"
The Princess Bride,William Goldman," 4.27 avg rating — 902,567 ratings","score: 688,173","7,323 people voted"
The Secret Garden,Frances Hodgson Burnett," 4.16 avg rating — 1,178,320 ratings","score: 684,002","7,488 people voted"
"A Game of Thrones (A Song of Ice and Fire, #1)",George R.R. Martin," 4.44 avg rating — 2,502,359 ratings","score: 667,473","7,113 people voted"
The Outsiders,S.E. Hinton," 4.13 avg rating — 1,351,041 ratings","score: 665,804","7,143 people voted"
Little Women,Louisa May Alcott," 4.15 avg rating — 2,247,144 ratings","score: 641,738","7,075 people voted"
1984,George Orwell," 4.19 avg rating — 4,639,982 ratings","score: 638,568","6,841 people voted"
"A Wrinkle in Time (Time Quintet, #1)",Madeleine L'Engle," 3.98 avg rating — 1,207,090 ratings","score: 621,341","6,641 people voted"
The Odyssey,Homer," 3.81 avg rating — 1,087,234 ratings","score: 597,424","6,532 people voted"
"Harry Potter and the Deathly Hallows (Harry Potter, #7)",J.K. Rowling," 4.62 avg rating — 3,730,526 ratings","score: 584,998","6,316 people voted"
Frankenstein: The 1818 Text,Mary Wollstonecraft Shelley," 3.87 avg rating — 1,610,458 ratings","score: 584,168","6,446 people voted"
The Kite Runner,Khaled Hosseini," 4.34 avg rating — 3,166,975 ratings","score: 581,154","6,287 people voted"
"Harry Potter and the Sorcerer’s Stone (Harry Potter, #1)",J.K. Rowling," 4.47 avg rating — 10,121,922 ratings","score: 574,883","6,134 people voted"
"The Giver (The Giver, #1)",Lois Lowry," 4.12 avg rating — 2,496,187 ratings","score: 564,724","6,113 people voted"
"The Handmaid’s Tale (The Handmaid's Tale, #1)",Margaret Atwood," 4.14 avg rating — 2,062,055 ratings","score: 562,025","6,124 people voted"
The Lovely Bones,Alice Sebold," 3.85 avg rating — 2,361,085 ratings","score: 557,090","6,008 people voted"
Where the Wild Things Are,Maurice Sendak," 4.25 avg rating — 1,007,048 ratings","score: 556,741","6,064 people voted"
The Adventures of Huckleberry Finn,Mark Twain," 3.83 avg rating — 1,268,779 ratings","score: 555,105","6,113 people voted"
Green Eggs and Ham,Dr. Seuss," 4.31 avg rating — 779,605 ratings","score: 550,663","6,049 people voted"
Life of Pi,Yann Martel," 3.94 avg rating — 1,631,098 ratings","score: 537,449","5,810 people voted"
A Tale of Two Cities,Charles Dickens," 3.87 avg rating — 950,808 ratings","score: 533,115","5,846 people voted"
Lolita,Vladimir Nabokov," 3.88 avg rating — 854,836 ratings","score: 524,708","5,646 people voted"
"Dune (Dune, #1)",Frank Herbert," 4.27 avg rating — 1,382,098 ratings","score: 522,598","5,619 people voted"
"Harry Potter and the Prisoner of Azkaban (Harry Potter, #3)",J.K. Rowling," 4.58 avg rating — 4,219,429 ratings","score: 508,158","5,549 people voted"
Slaughterhouse-Five,Kurt Vonnegut Jr.," 4.10 avg rating — 1,374,948 ratings","score: 506,469","5,467 people voted"
Water for Elephants,Sara Gruen," 4.11 avg rating — 1,620,714 ratings","score: 499,963","5,388 people voted"
The Bell Jar,Sylvia Plath," 4.06 avg rating — 974,530 ratings","score: 464,123","5,042 people voted"
Matilda,Roald Dahl," 4.34 avg rating — 958,731 ratings","score: 457,201","5,054 people voted"
The Stand,Stephen King," 4.35 avg rating — 764,521 ratings","score: 447,452","4,828 people voted"
Catch-22,Joseph Heller," 3.99 avg rating — 833,669 ratings","score: 438,677","4,786 people voted"
"The Adventures of Sherlock Holmes (Sherlock Holmes, #3)",Arthur Conan Doyle," 4.30 avg rating — 301,454 ratings","score: 424,793","4,751 people voted"
"The Pillars of the Earth (Kingsbridge, #1)",Ken Follett," 4.34 avg rating — 767,111 ratings","score: 424,123","4,564 people voted"
"Watership Down (Watership Down, #1)",Richard  Adams," 4.08 avg rating — 482,299 ratings","score: 408,533","4,465 people voted"
Rebecca,Daphne du Maurier," 4.24 avg rating — 633,263 ratings","score: 408,383","4,546 people voted"
"The Fellowship of the Ring (The Lord of the Rings, #1)",J.R.R. Tolkien," 4.39 avg rating — 2,820,609 ratings","score: 404,922","4,541 people voted"
Great Expectations,Charles Dickens," 3.79 avg rating — 806,412 ratings","score: 401,892","4,605 people voted"
"Outlander (Outlander, #1)",Diana Gabaldon," 4.26 avg rating — 1,059,650 ratings","score: 391,249","4,192 people voted"
"The Girl with the Dragon Tattoo (Millennium, #1)",Stieg Larsson," 4.17 avg rating — 3,196,713 ratings","score: 389,847","4,340 people voted"
The Color Purple,Alice Walker," 4.27 avg rating — 690,124 ratings","score: 386,253","4,359 people voted"
One Flew Over the Cuckoo’s Nest,Ken Kesey," 4.20 avg rating — 735,005 ratings","score: 379,829","4,298 people voted"
Anna Karenina,Leo Tolstoy," 4.09 avg rating — 852,858 ratings","score: 371,044","4,064 people voted"
My Sister’s Keeper,Jodi Picoult," 4.10 avg rating — 1,222,019 ratings","score: 367,333","4,041 people voted"
The Brothers Karamazov,Fyodor Dostoevsky," 4.37 avg rating — 334,920 ratings","score: 349,770","3,853 people voted"
A Tree Grows in Brooklyn,Betty  Smith," 4.29 avg rating — 468,135 ratings","score: 340,209","3,740 people voted"
A Clockwork Orange,Anthony Burgess,"really liked it 4.00 avg rating — 714,987 ratings","score: 336,887","3,791 people voted"
The Road,Cormac McCarthy," 3.99 avg rating — 911,015 ratings","score: 329,992","3,623 people voted"
And Then There Were None,Agatha Christie," 4.28 avg rating — 1,368,691 ratings","score: 328,434","3,610 people voted"
To Kill a Mockingbird,Harper Lee," 4.26 avg rating — 6,164,193 ratings","score: 317,123","3,422 people voted"
"The Golden Compass (His Dark Materials, #1)",Philip Pullman," 4.02 avg rating — 1,531,084 ratings","score: 312,043","3,471 people voted"
It,Stephen King," 4.24 avg rating — 1,119,167 ratings","score: 308,943","3,324 people voted"
"Vampire Academy (Vampire Academy, #1)",Richelle Mead," 4.11 avg rating — 646,603 ratings","score: 308,607","3,317 people voted"
Siddhartha,Hermann Hesse," 4.07 avg rating — 776,112 ratings","score: 307,147","3,425 people voted"
"The Shining (The Shining, #1)",Stephen King," 4.27 avg rating — 1,499,709 ratings","score: 306,515","3,380 people voted"
"Angela’s Ashes (Frank McCourt, #1)",Frank McCourt," 4.15 avg rating — 631,019 ratings","score: 304,586","3,401 people voted"
The Complete Stories and Poems,Edgar Allan Poe," 4.39 avg rating — 250,422 ratings","score: 300,522","3,397 people voted"
"Interview with the Vampire (The Vampire Chronicles, #1)",Anne Rice," 4.02 avg rating — 592,064 ratings","score: 295,911","3,306 people voted"
Don Quixote,Miguel de Cervantes Saavedra," 3.90 avg rating — 272,876 ratings","score: 293,123","3,325 people voted"
The Old Man and the Sea,Ernest Hemingway," 3.80 avg rating — 1,156,618 ratings","score: 288,364","3,305 people voted"
The Poisonwood Bible,Barbara Kingsolver," 4.10 avg rating — 746,474 ratings","score: 287,864","3,163 people voted"
